"ActorInfo","1793283","Phillippe, Ryan","m"
"Tag","Weight"
"geeks","36.9101272063131"
"adolescence","32.61257340967633"
"dark","25.43360231751606"
"nudity (topless - notable)","25.405760803047936"
"period piece","22.709478545841588"
"adultery","20.12318294173993"
"atmospheric","17.790435839714277"
"witty","17.385754249433283"
