"ActorInfo","1","Wilson, Owen","m"
"Tag","Weight"
"aircraft","2.595200464523074"
"pilot","2.5383319292333613"
"spy","2.4829758728821494"
"agent","2.482974702798839"
