"Genre","Adventure"
"Tag","Weight"
"witness protection","1.596674769493588"
"violence","1.5964641544978002"
"special operations","1.5962535395020125"
"martial arts","1.5960429245062249"
"tyrannosaurus rex","1.5958323095104372"
"predator","1.5956216945146493"
"stampede","1.5954110795188616"
"dinosaurs","1.595200464523074"
