"Genre","Adventure"
"Tag","Weight"
"witness protection","6.238033641179899"
"violence","4.640746636935761"
"special operations","4.640134402185211"
"martial arts","4.639522167434662"
"tyrannosaurus rex","4.638909932684113"
"predator","4.638297697933563"
"stampede","4.637685463183013"
"dinosaurs","4.637073228432464"
