"UserID","4"
"Tag","Weight"
"island","1.4063109905925302"
"alien","1.4063108443321164"
"treasure","1.4063108443321164"
"sooby doo","1.4063108443321164"
