"UserID","4"
"Tag","Weight"
"island","5.203969045646942"
"alien","5.203968504419098"
"treasure","5.203968504419098"
"sooby doo","5.203968504419098"
